{
  "harmonic_cycles": [
    {
      "cycle_index": 0,
      "birth": 1.501546859741211,
      "death": 2.170508623123169,
      "edges": [
        {
          "simplex": [
            1,
            3
          ],
          "weight": 1.0
        },
        {
          "simplex": [
            1,
            2
          ],
          "weight": -1.0
        },
        {
          "simplex": [
            2,
            4
          ],
          "weight": -1.0
        },
        {
          "simplex": [
            3,
            4
          ],
          "weight": 1.0
        }
      ]
    }
  ],
  "simplicies": [
    [
      0
    ],
    [
      1
    ],
    [
      2
    ],
    [
      3
    ],
    [
      4
    ],
    [
      1,
      3
    ],
    [
      1,
      2
    ],
    [
      2,
      4
    ],
    [
      3,
      4
    ],
    [
      1,
      4
    ],
    [
      1,
      2,
      4
    ],
    [
      1,
      3,
      4
    ],
    [
      2,
      3
    ],
    [
      1,
      2,
      3
    ],
    [
      2,
      3,
      4
    ],
    [
      0,
      1
    ],
    [
      0,
      2
    ],
    [
      0,
      1,
      2
    ],
    [
      0,
      3
    ],
    [
      0,
      1,
      3
    ],
    [
      0,
      2,
      3
    ],
    [
      0,
      4
    ],
    [
      0,
      1,
      4
    ],
    [
      0,
      2,
      4
    ],
    [
      0,
      3,
      4
    ]
  ],
  "appears_at": [
    0.0,
    0.0,
    0.0,
    0.0,
    0.0,
    0.6689617658512397,
    1.009978955753815,
    1.1605296391974727,
    1.501546829100048,
    2.1705085949512877,
    2.1705085949512877,
    2.1705085949512877,
    2.990021044246185,
    2.990021044246185,
    2.990021044246185,
    Infinity,
    Infinity,
    Infinity,
    Infinity,
    Infinity,
    Infinity,
    Infinity,
    Infinity,
    Infinity,
    Infinity
  ]
}