{
  "harmonic_cycles": [
    {
      "cycle_index": 0,
      "birth": 1.587702989578247,
      "death": 2.015397071838379,
      "edges": [
        {
          "simplex": [
            1,
            3
          ],
          "weight": 1.0
        },
        {
          "simplex": [
            2,
            4
          ],
          "weight": -1.0
        },
        {
          "simplex": [
            1,
            2
          ],
          "weight": -1.0
        },
        {
          "simplex": [
            3,
            4
          ],
          "weight": 1.0
        }
      ]
    }
  ],
  "simplicies": [
    [
      0
    ],
    [
      1
    ],
    [
      2
    ],
    [
      3
    ],
    [
      4
    ],
    [
      1,
      3
    ],
    [
      2,
      4
    ],
    [
      1,
      2
    ],
    [
      3,
      4
    ],
    [
      1,
      4
    ],
    [
      1,
      2,
      4
    ],
    [
      1,
      3,
      4
    ],
    [
      2,
      3
    ],
    [
      1,
      2,
      3
    ],
    [
      2,
      3,
      4
    ],
    [
      0,
      1
    ],
    [
      0,
      2
    ],
    [
      0,
      1,
      2
    ],
    [
      0,
      3
    ],
    [
      0,
      1,
      3
    ],
    [
      0,
      2,
      3
    ],
    [
      0,
      4
    ],
    [
      0,
      1,
      4
    ],
    [
      0,
      2,
      4
    ],
    [
      0,
      3,
      4
    ]
  ],
  "appears_at": [
    0.0,
    0.0,
    0.0,
    0.0,
    0.0,
    0.4276940054685612,
    0.7023250570279436,
    1.313071983724966,
    1.5877030352843484,
    2.0153970407529096,
    2.0153970407529096,
    2.0153970407529096,
    2.12232054212005,
    2.12232054212005,
    2.12232054212005,
    Infinity,
    Infinity,
    Infinity,
    Infinity,
    Infinity,
    Infinity,
    Infinity,
    Infinity,
    Infinity,
    Infinity
  ]
}