{
  "harmonic_cycles": [],
  "simplicies": [
    [
      0
    ],
    [
      1
    ],
    [
      2
    ],
    [
      3
    ],
    [
      1,
      3
    ],
    [
      2,
      3
    ],
    [
      0,
      1
    ],
    [
      0,
      2
    ],
    [
      1,
      2
    ],
    [
      0,
      1,
      2
    ],
    [
      0,
      3
    ],
    [
      0,
      1,
      3
    ],
    [
      0,
      2,
      3
    ],
    [
      1,
      2,
      3
    ]
  ],
  "appears_at": [
    0.0,
    0.0,
    0.0,
    0.0,
    1.5854875082301627,
    2.4145124917698375,
    Infinity,
    Infinity,
    Infinity,
    Infinity,
    Infinity,
    Infinity,
    Infinity,
    Infinity
  ]
}