from,to,edge_type,length,time_length
1,2,tree,3.1709750164603254,3.1709750164603254
2,3,tree,0.8290249835396746,0.8290249835396746
2,4,tree,0.8290249835396746,0.8290249835396746
