from,to,edge_type,length,time_length
1,2,tree,2.8713911281894835,2.8713911281894835
2,3,tree,1.1286088718105165,1.1286088718105165
2,4,tree,0.6528419781468746,0.6528419781468746
