from,to,edge_type,length,time_length
1,2,tree,2.5333938205764874,2.5333938205764874
2,3,tree,1.4666061794235126,1.4666061794235126
2,4,tree,1.4666061794235126,1.4666061794235126
